<?xml version="1.0" encoding="UTF-8"?>
<metadata xml:lang="fi"><Esri><CreaDate>20220624</CreaDate><CreaTime>09565000</CreaTime><ArcGISFormat>1.0</ArcGISFormat><SyncOnce>TRUE</SyncOnce><DataProperties><lineage><Process ToolSource="c:\program files (x86)\arcgis\desktop10.8\ArcToolbox\Toolboxes\Data Management Tools.tbx\DeleteField" Date="20220624" Time="095650">DeleteField D:\Omat\uusilappari1_D_2021_06_21\KNR_FME_2015\gml_utf8\KarttanimiPiste500.shp point;first;last</Process><Process ToolSource="c:\program files (x86)\arcgis\desktop10.8\ArcToolbox\Toolboxes\Data Management Tools.tbx\CalculateField" Date="20220625" Time="103702">CalculateField D:\Omat\uusilappari1_D_2021_06_21\KNR_FME_2015\gml_utf8\KarttanimiPiste500.shp placeLocX 0 VB #</Process><Process ToolSource="c:\program files (x86)\arcgis\desktop10.8\ArcToolbox\Toolboxes\Data Management Tools.tbx\CalculateField" Date="20220625" Time="104145">CalculateField D:\Omat\uusilappari1_D_2021_06_21\KNR_FME_2015\gml_utf8\KarttanimiPiste500.shp placeLocY 0 VB #</Process></lineage></DataProperties></Esri></metadata>
