<metadata xml:lang="fi"><Esri><CreaDate>20150113</CreaDate><CreaTime>15132400</CreaTime><ArcGISFormat>1.0</ArcGISFormat><SyncOnce>FALSE</SyncOnce><DataProperties><lineage><Process ToolSource="c:\program files\arcgis\desktop10.2\ArcToolbox\Toolboxes\Data Management Tools.tbx\CalculateField" Date="20150113" Time="151324">CalculateField Maasto1Alue Kohderyhma 64 VB #</Process><Process ToolSource="c:\program files\arcgis\desktop10.2\ArcToolbox\Toolboxes\Data Management Tools.tbx\CalculateField" Date="20150113" Time="151644">CalculateField Maasto1Alue Tyyppi 2 VB #</Process><Process ToolSource="c:\program files\arcgis\desktop10.2\ArcToolbox\Toolboxes\Data Management Tools.tbx\CalculateField" Date="20150115" Time="120425">CalculateField Maasto1Alue Kohderyhma 64 VB #</Process><Process ToolSource="c:\program files\arcgis\desktop10.2\ArcToolbox\Toolboxes\Data Management Tools.tbx\CalculateField" Date="20150115" Time="120442">CalculateField Maasto1Alue Tyyppi 2 VB #</Process><Process ToolSource="c:\program files\arcgis\desktop10.2\ArcToolbox\Toolboxes\Data Management Tools.tbx\CalculateField" Date="20150115" Time="145032">CalculateField Maasto1Alue Kohderyhma 69 VB #</Process><Process ToolSource="c:\program files\arcgis\desktop10.2\ArcToolbox\Toolboxes\Data Management Tools.tbx\CalculateField" Date="20150116" Time="124238">CalculateField Maasto1Alue Kohderyhma 64 VB #</Process><Process ToolSource="c:\program files\arcgis\desktop10.2\ArcToolbox\Toolboxes\Data Management Tools.tbx\CalculateField" Date="20150116" Time="124250">CalculateField Maasto1Alue Tyyppi 2 VB #</Process><Process ToolSource="c:\program files\arcgis\desktop10.2\ArcToolbox\Toolboxes\Data Management Tools.tbx\CalculateField" Date="20150119" Time="163517">CalculateField Maasto1Alue Kohderyhma 64 VB #</Process><Process ToolSource="c:\program files\arcgis\desktop10.2\ArcToolbox\Toolboxes\Data Management Tools.tbx\CalculateField" Date="20150119" Time="163537">CalculateField Maasto1Alue Tyyppi 2 VB #</Process><Process ToolSource="c:\program files\arcgis\desktop10.2\ArcToolbox\Toolboxes\Data Management Tools.tbx\CalculateField" Date="20150120" Time="144103">CalculateField Maasto1Alue Kohderyhma 64 VB #</Process><Process ToolSource="c:\program files\arcgis\desktop10.2\ArcToolbox\Toolboxes\Data Management Tools.tbx\CalculateField" Date="20150120" Time="144118">CalculateField Maasto1Alue Tyyppi 2 VB #</Process><Process ToolSource="c:\program files\arcgis\desktop10.2\ArcToolbox\Toolboxes\Data Management Tools.tbx\CalculateField" Date="20150123" Time="095024">CalculateField Maasto1Alue Kohderyhma 64 VB #</Process><Process ToolSource="c:\program files\arcgis\desktop10.2\ArcToolbox\Toolboxes\Data Management Tools.tbx\CalculateField" Date="20150123" Time="095036">CalculateField Maasto1Alue Tyyppi 2 VB #</Process><Process ToolSource="c:\program files\arcgis\desktop10.2\ArcToolbox\Toolboxes\Data Management Tools.tbx\CalculateField" Date="20150129" Time="131055">CalculateField Maasto1Alue Kohderyhma 64 VB #</Process><Process ToolSource="c:\program files\arcgis\desktop10.2\ArcToolbox\Toolboxes\Data Management Tools.tbx\CalculateField" Date="20150129" Time="131108">CalculateField Maasto1Alue Tyyppi 2 VB #</Process><Process ToolSource="c:\program files\arcgis\desktop10.2\ArcToolbox\Toolboxes\Data Management Tools.tbx\CalculateField" Date="20150203" Time="112251">CalculateField Maasto1Alue Kohderyhma 64 VB #</Process><Process ToolSource="c:\program files\arcgis\desktop10.2\ArcToolbox\Toolboxes\Data Management Tools.tbx\CalculateField" Date="20150203" Time="112302">CalculateField Maasto1Alue Tyyppi 2 VB #</Process><Process ToolSource="c:\program files\arcgis\desktop10.2\ArcToolbox\Toolboxes\Data Management Tools.tbx\CalculateField" Date="20150203" Time="150010">CalculateField Maasto1Alue Kohderyhma 64 VB #</Process><Process ToolSource="c:\program files\arcgis\desktop10.2\ArcToolbox\Toolboxes\Data Management Tools.tbx\CalculateField" Date="20150203" Time="150021">CalculateField Maasto1Alue Tyyppi 2 VB #</Process><Process ToolSource="c:\program files\arcgis\desktop10.2\ArcToolbox\Toolboxes\Data Management Tools.tbx\CalculateField" Date="20150204" Time="122846">CalculateField Maasto1Alue Kohderyhma 64 VB #</Process><Process ToolSource="c:\program files\arcgis\desktop10.2\ArcToolbox\Toolboxes\Data Management Tools.tbx\CalculateField" Date="20150204" Time="122859">CalculateField Maasto1Alue Tyyppi 2 VB #</Process><Process ToolSource="c:\program files\arcgis\desktop10.2\ArcToolbox\Toolboxes\Data Management Tools.tbx\CalculateField" Date="20150206" Time="145441">CalculateField Maasto1Alue Kohderyhma 34 VB #</Process><Process ToolSource="c:\program files\arcgis\desktop10.2\ArcToolbox\Toolboxes\Data Management Tools.tbx\CalculateField" Date="20150206" Time="145502">CalculateField Maasto1Alue Tyyppi 2 VB #</Process><Process ToolSource="c:\program files\arcgis\desktop10.2\ArcToolbox\Toolboxes\Data Management Tools.tbx\CalculateField" Date="20150206" Time="145520">CalculateField Maasto1Alue Kohderyhma 64 VB #</Process><Process ToolSource="c:\program files\arcgis\desktop10.2\ArcToolbox\Toolboxes\Data Management Tools.tbx\CalculateField" Date="20150210" Time="144754">CalculateField Maasto1Alue Kohderyhma 64 VB #</Process><Process ToolSource="c:\program files\arcgis\desktop10.2\ArcToolbox\Toolboxes\Data Management Tools.tbx\CalculateField" Date="20150210" Time="144806">CalculateField Maasto1Alue Tyyppi 2 VB #</Process><Process ToolSource="c:\program files\arcgis\desktop10.2\ArcToolbox\Toolboxes\Data Management Tools.tbx\CalculateField" Date="20150210" Time="154956">CalculateField Maasto1Alue Valinta 11 VB #</Process><Process ToolSource="c:\program files\arcgis\desktop10.2\ArcToolbox\Toolboxes\Data Management Tools.tbx\CalculateField" Date="20150416" Time="084558">CalculateField Maasto1Alue Flag 0 VB #</Process><Process ToolSource="c:\program files (x86)\arcgis\desktop10.8\ArcToolbox\Toolboxes\Analysis Tools.tbx\Select" Date="20220619" Time="213722">Select C:\Omat\M1000_shapet\shapet\M1\M1000.gdb\Maastokohteet\Maasto1Alue C:\Omat\M1000_shapet\shapet\M1\M1000.gdb\Maastokohteet\LiikenneAlue1 "Kohdeluokka = 32441"</Process><Process ToolSource="c:\program files (x86)\arcgis\desktop10.8\ArcToolbox\Toolboxes\Data Management Tools.tbx\CopyFeatures" Date="20220619" Time="214506">CopyFeatures C:\Omat\M1000_shapet\shapet\M1\M1000.gdb\Maastokohteet\LiikenneAlue1 C:\Omat\M1000_shapet\shapet\M1\LiikenneAlue1.shp # 0 0 0</Process><Process ToolSource="c:\program files (x86)\arcgis\desktop10.8\ArcToolbox\Toolboxes\Data Management Tools.tbx\DeleteField" Date="20220619" Time="214624">DeleteField C:\Omat\M1000_shapet\shapet\M1\LiikenneAlue1.shp Valinta;Flag;Status;Teksti;Shape_Leng</Process><Process ToolSource="c:\program files (x86)\arcgis\desktop10.8\ArcToolbox\Toolboxes\Data Management Tools.tbx\DeleteField" Date="20220619" Time="214925">DeleteField C:\Omat\M1000_shapet\shapet\M1\LiikenneAlue1.shp Tyyppi;Korkeus;Kapeusinde;Shape_Area</Process></lineage><itemProps><itemName Sync="TRUE">LiikenneAlue1</itemName><imsContentType Sync="TRUE">002</imsContentType><itemLocation><linkage Sync="TRUE">file://\\8L89DB3\C$\Omat\M1000_shapet\shapet\M1\LiikenneAlue1.shp</linkage><protocol Sync="TRUE">Local Area Network</protocol></itemLocation><itemSize Sync="TRUE">0.000</itemSize></itemProps><coordRef><type Sync="TRUE">Projected</type><geogcsn Sync="TRUE">GCS_EUREF_FIN</geogcsn><csUnits Sync="TRUE">Linear Unit: Meter (1.000000)</csUnits><projcsn Sync="TRUE">EUREF_FIN_TM35FIN</projcsn><peXml Sync="TRUE">&lt;ProjectedCoordinateSystem xsi:type='typens:ProjectedCoordinateSystem' xmlns:xsi='http://www.w3.org/2001/XMLSchema-instance' xmlns:xs='http://www.w3.org/2001/XMLSchema' xmlns:typens='http://www.esri.com/schemas/ArcGIS/10.8'&gt;&lt;WKT&gt;PROJCS[&amp;quot;EUREF_FIN_TM35FIN&amp;quot;,GEOGCS[&amp;quot;GCS_EUREF_FIN&amp;quot;,DATUM[&amp;quot;D_ETRS_1989&amp;quot;,SPHEROID[&amp;quot;GRS_1980&amp;quot;,6378137.0,298.257222101]],PRIMEM[&amp;quot;Greenwich&amp;quot;,0.0],UNIT[&amp;quot;Degree&amp;quot;,0.0174532925199433]],PROJECTION[&amp;quot;Transverse_Mercator&amp;quot;],PARAMETER[&amp;quot;False_Easting&amp;quot;,500000.0],PARAMETER[&amp;quot;False_Northing&amp;quot;,0.0],PARAMETER[&amp;quot;Central_Meridian&amp;quot;,27.0],PARAMETER[&amp;quot;Scale_Factor&amp;quot;,0.9996],PARAMETER[&amp;quot;Latitude_Of_Origin&amp;quot;,0.0],UNIT[&amp;quot;Meter&amp;quot;,1.0]],VERTCS[&amp;quot;N60&amp;quot;,VDATUM[&amp;quot;Helsinki_1960&amp;quot;],PARAMETER[&amp;quot;Vertical_Shift&amp;quot;,0.0],PARAMETER[&amp;quot;Direction&amp;quot;,1.0],UNIT[&amp;quot;Meter&amp;quot;,1.0]]&lt;/WKT&gt;&lt;XOrigin&gt;-5120900&lt;/XOrigin&gt;&lt;YOrigin&gt;-9998100&lt;/YOrigin&gt;&lt;XYScale&gt;450445547.3910538&lt;/XYScale&gt;&lt;ZOrigin&gt;-100000&lt;/ZOrigin&gt;&lt;ZScale&gt;10000&lt;/ZScale&gt;&lt;MOrigin&gt;-100000&lt;/MOrigin&gt;&lt;MScale&gt;10000&lt;/MScale&gt;&lt;XYTolerance&gt;0.001&lt;/XYTolerance&gt;&lt;ZTolerance&gt;0.001&lt;/ZTolerance&gt;&lt;MTolerance&gt;0.001&lt;/MTolerance&gt;&lt;HighPrecision&gt;true&lt;/HighPrecision&gt;&lt;WKID&gt;102139&lt;/WKID&gt;&lt;LatestWKID&gt;3067&lt;/LatestWKID&gt;&lt;VCSWKID&gt;5717&lt;/VCSWKID&gt;&lt;LatestVCSWKID&gt;5717&lt;/LatestVCSWKID&gt;&lt;/ProjectedCoordinateSystem&gt;</peXml></coordRef></DataProperties><SyncDate>20220619</SyncDate><SyncTime>21450600</SyncTime><ModDate>20220619</ModDate><ModTime>21450600</ModTime></Esri><dataIdInfo><envirDesc Sync="TRUE"> Version 6.2 (Build 9200) ; Esri ArcGIS 10.8.0.12790</envirDesc><dataLang><languageCode value="fin" Sync="TRUE"></languageCode><countryCode value="FIN" Sync="TRUE"></countryCode></dataLang><idCitation><resTitle Sync="TRUE">LiikenneAlue1</resTitle><presForm><PresFormCd value="005" Sync="TRUE"></PresFormCd></presForm></idCitation><spatRpType><SpatRepTypCd value="001" Sync="TRUE"></SpatRepTypCd></spatRpType></dataIdInfo><mdLang><languageCode value="fin" Sync="TRUE"></languageCode><countryCode value="FIN" Sync="TRUE"></countryCode></mdLang><distInfo><distFormat><formatName Sync="TRUE">Shapefile</formatName></distFormat><distTranOps><transSize Sync="TRUE">0.000</transSize></distTranOps></distInfo><mdHrLv><ScopeCd value="005" Sync="TRUE"></ScopeCd></mdHrLv><mdHrLvName Sync="TRUE">dataset</mdHrLvName><refSysInfo><RefSystem><refSysID><identCode code="3067" Sync="TRUE"></identCode><idCodeSpace Sync="TRUE">EPSG</idCodeSpace><idVersion Sync="TRUE">8.1(9.2.0)</idVersion></refSysID></RefSystem></refSysInfo><spatRepInfo><VectSpatRep><geometObjs Name="LiikenneAlue1"><geoObjTyp><GeoObjTypCd value="002" Sync="TRUE"></GeoObjTypCd></geoObjTyp><geoObjCnt Sync="TRUE">0</geoObjCnt></geometObjs><topLvl><TopoLevCd value="001" Sync="TRUE"></TopoLevCd></topLvl></VectSpatRep></spatRepInfo><spdoinfo><ptvctinf><esriterm Name="LiikenneAlue1"><efeatyp Sync="TRUE">Simple</efeatyp><efeageom code="4" Sync="TRUE"></efeageom><esritopo Sync="TRUE">FALSE</esritopo><efeacnt Sync="TRUE">0</efeacnt><spindex Sync="TRUE">FALSE</spindex><linrefer Sync="TRUE">FALSE</linrefer></esriterm></ptvctinf></spdoinfo><eainfo><detailed Name="LiikenneAlue1"><enttyp><enttypl Sync="TRUE">LiikenneAlue1</enttypl><enttypt Sync="TRUE">Feature Class</enttypt><enttypc Sync="TRUE">0</enttypc></enttyp><attr><attrlabl Sync="TRUE">Shape</attrlabl><attalias Sync="TRUE">Shape</attalias><attrtype Sync="TRUE">Geometry</attrtype><attwidth Sync="TRUE">0</attwidth><atprecis Sync="TRUE">0</atprecis><attscale Sync="TRUE">0</attscale><attrdef Sync="TRUE">Feature geometry.</attrdef><attrdefs Sync="TRUE">Esri</attrdefs><attrdomv><udom Sync="TRUE">Coordinates defining the features.</udom></attrdomv></attr><attr><attrlabl Sync="TRUE">Kohderyhma</attrlabl><attalias Sync="TRUE">Kohderyhma</attalias><attrtype Sync="TRUE">Integer</attrtype><attwidth Sync="TRUE">5</attwidth><atprecis Sync="TRUE">5</atprecis><attscale Sync="TRUE">0</attscale></attr><attr><attrlabl Sync="TRUE">FID</attrlabl><attalias Sync="TRUE">FID</attalias><attrtype Sync="TRUE">OID</attrtype><attwidth Sync="TRUE">4</attwidth><atprecis Sync="TRUE">0</atprecis><attscale Sync="TRUE">0</attscale><attrdef Sync="TRUE">Internal feature number.</attrdef><attrdefs Sync="TRUE">Esri</attrdefs><attrdomv><udom Sync="TRUE">Sequential unique whole numbers that are automatically generated.</udom></attrdomv></attr><attr><attrlabl Sync="TRUE">Valinta</attrlabl><attalias Sync="TRUE">Valinta</attalias><attrtype Sync="TRUE">String</attrtype><attwidth Sync="TRUE">4</attwidth><atprecis Sync="TRUE">0</atprecis><attscale Sync="TRUE">0</attscale></attr><attr><attrlabl Sync="TRUE">Flag</attrlabl><attalias Sync="TRUE">Flag</attalias><attrtype Sync="TRUE">Integer</attrtype><attwidth Sync="TRUE">10</attwidth><atprecis Sync="TRUE">10</atprecis><attscale Sync="TRUE">0</attscale></attr><attr><attrlabl Sync="TRUE">Status</attrlabl><attalias Sync="TRUE">Status</attalias><attrtype Sync="TRUE">Integer</attrtype><attwidth Sync="TRUE">10</attwidth><atprecis Sync="TRUE">10</atprecis><attscale Sync="TRUE">0</attscale></attr><attr><attrlabl Sync="TRUE">Teksti</attrlabl><attalias Sync="TRUE">Teksti</attalias><attrtype Sync="TRUE">String</attrtype><attwidth Sync="TRUE">80</attwidth><atprecis Sync="TRUE">0</atprecis><attscale Sync="TRUE">0</attscale></attr><attr><attrlabl Sync="TRUE">Tyyppi</attrlabl><attalias Sync="TRUE">Tyyppi</attalias><attrtype Sync="TRUE">Integer</attrtype><attwidth Sync="TRUE">10</attwidth><atprecis Sync="TRUE">10</atprecis><attscale Sync="TRUE">0</attscale></attr><attr><attrlabl Sync="TRUE">Korkeus</attrlabl><attalias Sync="TRUE">Korkeus</attalias><attrtype Sync="TRUE">Double</attrtype><attwidth Sync="TRUE">19</attwidth><atprecis Sync="TRUE">0</atprecis><attscale Sync="TRUE">0</attscale></attr><attr><attrlabl Sync="TRUE">Shape_Area</attrlabl><attalias Sync="TRUE">Shape_Area</attalias><attrtype Sync="TRUE">Double</attrtype><attwidth Sync="TRUE">19</attwidth><atprecis Sync="TRUE">0</atprecis><attscale Sync="TRUE">0</attscale><attrdef Sync="TRUE">Area of feature in internal units squared.</attrdef><attrdefs Sync="TRUE">Esri</attrdefs><attrdomv><udom Sync="TRUE">Positive real numbers that are automatically generated.</udom></attrdomv></attr><attr><attrlabl Sync="TRUE">Kohdeluokk</attrlabl><attalias Sync="TRUE">Kohdeluokk</attalias><attrtype Sync="TRUE">Integer</attrtype><attwidth Sync="TRUE">10</attwidth><atprecis Sync="TRUE">10</atprecis><attscale Sync="TRUE">0</attscale></attr><subtype><stname Sync="TRUE">VesiAlue</stname><stcode Sync="TRUE">1</stcode><stfield><stfldnm Sync="TRUE">Kohderyhma</stfldnm><stflddv Sync="TRUE">-29999</stflddv><stflddd><domname Sync="TRUE">dKohderyhma</domname><domdesc Sync="TRUE"></domdesc><domtype Sync="TRUE">Coded Value</domtype><mrgtype Sync="TRUE">Default value</mrgtype><splttype Sync="TRUE">Duplicate</splttype><domowner Sync="TRUE"></domowner><domfldtp Sync="TRUE">SmallInteger</domfldtp></stflddd></stfield><stfield><stfldnm Sync="TRUE">Valinta</stfldnm><stflddv Sync="TRUE">N/A</stflddv></stfield><stfield><stfldnm Sync="TRUE">Flag</stfldnm><stflddv Sync="TRUE">-29999</stflddv></stfield><stfield><stfldnm Sync="TRUE">Status</stfldnm><stflddv Sync="TRUE">-29999</stflddv></stfield><stfield><stfldnm Sync="TRUE">Teksti</stfldnm><stflddv Sync="TRUE">N/A</stflddv></stfield><stfield><stfldnm Sync="TRUE">Tyyppi</stfldnm><stflddv Sync="TRUE">1</stflddv></stfield><stfield><stfldnm Sync="TRUE">Kohdeluokka</stfldnm><stflddv Sync="TRUE">-29999</stflddv><stflddd><domname Sync="TRUE">dMaasto1VesiAlueKL</domname><domdesc Sync="TRUE"></domdesc><domtype Sync="TRUE">Coded Value</domtype><mrgtype Sync="TRUE">Default value</mrgtype><splttype Sync="TRUE">Duplicate</splttype><domowner Sync="TRUE"></domowner><domfldtp Sync="TRUE">Integer</domfldtp></stflddd></stfield></subtype><attr><attrlabl Sync="TRUE">Kapeusinde</attrlabl><attalias Sync="TRUE">Kapeusinde</attalias><attrtype Sync="TRUE">Single</attrtype><attwidth Sync="TRUE">13</attwidth><atprecis Sync="TRUE">0</atprecis><attscale Sync="TRUE">0</attscale></attr><attr><attrlabl Sync="TRUE">Shape_Leng</attrlabl><attalias Sync="TRUE">Shape_Leng</attalias><attrtype Sync="TRUE">Double</attrtype><attwidth Sync="TRUE">19</attwidth><atprecis Sync="TRUE">0</atprecis><attscale Sync="TRUE">0</attscale></attr><subtype><stname Sync="TRUE">MaaAlue</stname><stcode Sync="TRUE">2</stcode><stfield><stfldnm Sync="TRUE">Kohderyhma</stfldnm><stflddv Sync="TRUE">-29999</stflddv><stflddd><domname Sync="TRUE">dKohderyhma</domname><domdesc Sync="TRUE"></domdesc><domtype Sync="TRUE">Coded Value</domtype><mrgtype Sync="TRUE">Default value</mrgtype><splttype Sync="TRUE">Duplicate</splttype><domowner Sync="TRUE"></domowner><domfldtp Sync="TRUE">SmallInteger</domfldtp></stflddd></stfield><stfield><stfldnm Sync="TRUE">Valinta</stfldnm><stflddv Sync="TRUE">N/A</stflddv></stfield><stfield><stfldnm Sync="TRUE">Flag</stfldnm><stflddv Sync="TRUE">-29999</stflddv></stfield><stfield><stfldnm Sync="TRUE">Status</stfldnm><stflddv Sync="TRUE">-29999</stflddv></stfield><stfield><stfldnm Sync="TRUE">Teksti</stfldnm><stflddv Sync="TRUE">N/A</stflddv></stfield><stfield><stfldnm Sync="TRUE">Tyyppi</stfldnm><stflddv Sync="TRUE">2</stflddv></stfield><stfield><stfldnm Sync="TRUE">Kohdeluokka</stfldnm><stflddv Sync="TRUE">-29999</stflddv><stflddd><domname Sync="TRUE">dMaasto1MaaAlueKL</domname><domdesc Sync="TRUE"></domdesc><domtype Sync="TRUE">Coded Value</domtype><mrgtype Sync="TRUE">Default value</mrgtype><splttype Sync="TRUE">Duplicate</splttype><domowner Sync="TRUE"></domowner><domfldtp Sync="TRUE">Integer</domfldtp></stflddd></stfield></subtype></detailed></eainfo><mdDateSt Sync="TRUE">20220619</mdDateSt></metadata>
